StateProvince,TotalAmt
Utah,665.4251
Nevada,7330.8972
New Mexico,15275.1977
England,572496.5593999999
California,346517.60719999997
Colorado,14017.9083
